loops,perplexity,time_s
1,51170.03733663301,0.25603699684143066
2,51418.873973479596,0.28958702087402344
4,51523.507259130216,0.33742260932922363
